{
  "train_loss": [
    0.15929308259649372,
    0.06962394525008238,
    0.08648801690194263,
    0.07455860500461303,
    0.0699617563773929,
    0.06519605653273484,
    0.06167002661005019,
    0.05862667078221489,
    0.05637850777635508,
    0.055446940606768934,
    0.07327478640973459,
    0.07243640019492263,
    0.07125754206386196,
    0.06824696781240477,
    0.06659471967989533,
    0.06541778710603977,
    0.0647624524878136,
    0.06253048810873588,
    0.06105999268369448,
    0.059500336230524586,
    0.05827137417255539,
    0.057135092810415615,
    0.056233540303394086,
    0.05477723936334872,
    0.05377691616579951,
    0.05317442497541993,
    0.052345158850809106,
    0.05202150148239895,
    0.05174130944616657,
    0.05175804286104609
  ],
  "val_loss": [
    0.20441714629504096,
    0.3311664471744488,
    0.29720310852921633,
    0.23235445392952378,
    0.23321201841225328,
    0.2934263923322639,
    0.20022285660013972,
    0.20625998927764336,
    0.3228767824686407,
    0.18592469233225667,
    0.21654584787521894,
    0.26709892312565114,
    0.208408878245137,
    0.22608075224177354,
    0.19093467284304855,
    0.4835280674943084,
    0.2573979405344746,
    0.24693741546965103,
    0.24692739477304976,
    0.23276949769619373,
    0.22533730159011647,
    0.25647623288144394,
    0.20940222408036335,
    0.2023874121320472,
    0.2100244882415818,
    0.2529068657457725,
    0.23224834359560917,
    0.2915526378201134,
    0.2994598846024508,
    0.34965587300771295
  ],
  "train_acc": [
    0.9564538964807834,
    0.9789705939396377,
    0.973502436557558,
    0.9772753475255149,
    0.9786211289479129,
    0.9800584069855646,
    0.9811428977795146,
    0.9820265270147572,
    0.982669068505195,
    0.9829711240633046,
    0.9777625512883873,
    0.9779797547351967,
    0.9783500511447223,
    0.9792409534180765,
    0.9797977448912744,
    0.9801001596117599,
    0.9802852180259286,
    0.9809283880505241,
    0.9814156816039904,
    0.9819203047420927,
    0.9822182299328798,
    0.982606304880011,
    0.9828120151307925,
    0.9832901500436741,
    0.9835324948567947,
    0.9837393723852978,
    0.9840276899825303,
    0.9840719567453567,
    0.9841245740334222,
    0.9841143379057098
  ],
  "val_acc": [
    0.909178261565853,
    0.907821729013782,
    0.8802977777359094,
    0.9227789134551072,
    0.91344568688591,
    0.9024309251740412,
    0.9242249394741552,
    0.9245876235245354,
    0.9154428042542369,
    0.9298889338972992,
    0.9269215189396437,
    0.8961969986717285,
    0.9130594519231675,
    0.9151107363899278,
    0.9311960095334093,
    0.8984555311672774,
    0.906726611588933,
    0.9094114155982402,
    0.9095762719847766,
    0.9048613793298352,
    0.9071363974640377,
    0.9121433214322723,
    0.9237892475954519,
    0.9237845374129794,
    0.9186033366932636,
    0.9199386734242084,
    0.9121386112497998,
    0.9204426629487626,
    0.9251057435965069,
    0.9209231015609545
  ],
  "train_f1": [
    0.9561672492474673,
    0.9788009350542186,
    0.9732511623147302,
    0.9770805885019356,
    0.9784502857432094,
    0.9799144794800411,
    0.981012108736794,
    0.9819123077809127,
    0.9825673428030859,
    0.9828763938441482,
    0.9775972250083681,
    0.9778033280534502,
    0.9781828248763366,
    0.9790877769639624,
    0.9796513840536079,
    0.9799611922590407,
    0.9801469699702905,
    0.9808008426736677,
    0.9812971731790416,
    0.9818123284435876,
    0.9821158364019913,
    0.982511905016179,
    0.9827220930386854,
    0.9832041621757145,
    0.9834491585426923,
    0.9836589488534175,
    0.9839509695681888,
    0.983996867167551,
    0.9840510577491831,
    0.9840395626746443
  ],
  "val_f1": [
    0.929176376559872,
    0.9306356303637169,
    0.9015225039271532,
    0.9423708820020791,
    0.9315738025332368,
    0.9246261838260943,
    0.938205507389437,
    0.9407530993475355,
    0.9291077677007495,
    0.9434803997996678,
    0.9448978527173455,
    0.9177937861944031,
    0.9303224530779219,
    0.9318729298023063,
    0.948780668033242,
    0.9029514275697738,
    0.9255738628955018,
    0.9279556967992592,
    0.9230159891449853,
    0.9201062485820042,
    0.9216784799495107,
    0.922821030430384,
    0.9380780588722268,
    0.9379049734274025,
    0.9326784335820737,
    0.930558382970261,
    0.9243268195100924,
    0.9299605721743988,
    0.9328010473768256,
    0.930397771489158
  ],
  "lr": [
    0.0009755527298894294,
    0.0009046039886902864,
    0.0007940987335200904,
    0.0006548539886902864,
    0.0005005000000000001,
    0.0003461460113097139,
    0.00020690126647990973,
    9.639601130971382e-05,
    2.5447270110570814e-05,
    0.001,
    0.0009938503261272714,
    0.0009755527298894294,
    0.0009455577588320898,
    0.0009046039886902864,
    0.0008536998372026805,
    0.0007940987335200904,
    0.0007272682546199037,
    0.0006548539886902864,
    0.0005786390152875954,
    0.0005005000000000001,
    0.00042236098471240487,
    0.0003461460113097139,
    0.00027373174538009644,
    0.00020690126647990973,
    0.00014730016279731955,
    9.639601130971382e-05,
    5.544224116791029e-05,
    2.5447270110570814e-05,
    7.149673872728739e-06,
    0.001
  ]
}