{
  "train_loss": [
    0.11484512616306511,
    0.07096654242339621,
    0.06503667073401734,
    0.062474257779575174,
    0.05916609362304846,
    0.05371249815960849,
    0.05036386005435195,
    0.04387388180265886,
    0.0349078717613788,
    0.028133415029620194,
    0.06442933985651766,
    0.06283489356051039,
    0.06226284472725987,
    0.0620285839859003,
    0.06215771553889273,
    0.06141494274407943,
    0.059028246366350734,
    0.06024166819293212,
    0.05921357851605636,
    0.05685564717493675,
    0.05280611460734571,
    0.05163179556714147,
    0.04880206861730861,
    0.04535655202922925,
    0.04240850619725135
  ],
  "val_loss": [
    0.21306905543181018,
    0.1942703199418265,
    0.1759799889237615,
    0.16333170264649668,
    0.16516680154940408,
    0.15463100788958334,
    0.1304592135269443,
    0.10649723446111276,
    0.09904049431971776,
    0.08010052633205733,
    0.17105868884938508,
    0.20392866905910914,
    0.179143363949809,
    0.18016890757004925,
    0.20591052520582592,
    0.18115209376513378,
    0.14253533521572845,
    0.18456290005771744,
    0.17854266937951563,
    0.1533766163482761,
    0.13368797703365876,
    0.13949536309045568,
    0.13611092235447217,
    0.14304162054313754,
    0.10496328736252374
  ],
  "train_acc": [
    0.9709463677190603,
    0.9788376140699706,
    0.9803593850565465,
    0.9811683085176076,
    0.9822396898848382,
    0.9839297284445109,
    0.9848245815039997,
    0.9866725617184626,
    0.9899324990230783,
    0.9922763926880287,
    0.9806389929661641,
    0.9810094689568776,
    0.9810738488127528,
    0.980959814758413,
    0.9807560799006988,
    0.9810822891285859,
    0.9817966630941982,
    0.9813072145664766,
    0.9816175308592313,
    0.9823022739288342,
    0.9838121925570062,
    0.9843145709302593,
    0.9851319347071533,
    0.9859360992667341,
    0.9868393926420559
  ],
  "val_acc": [
    0.918638663061807,
    0.9261019471894342,
    0.9360003956553277,
    0.9388217949563367,
    0.9420624004973953,
    0.9455856169868021,
    0.9543559767505393,
    0.9626129266247775,
    0.9680955790227314,
    0.9745697248311399,
    0.9375712415098961,
    0.9271264118771961,
    0.938645163113619,
    0.9373121814739103,
    0.9302822341337503,
    0.9353551006565994,
    0.9485294810320952,
    0.935531732499317,
    0.9358661554548623,
    0.9458046404717719,
    0.9523918306595197,
    0.9523729899296298,
    0.9527733554397897,
    0.9487037577835765,
    0.962839015383456
  ],
  "train_f1": [
    0.9706175033124907,
    0.9786003355931453,
    0.98018814460289,
    0.9810267234815553,
    0.9821167778162188,
    0.9838381507083175,
    0.9847486373763983,
    0.9866179853613685,
    0.989894536087235,
    0.992247823705646,
    0.9804836697535377,
    0.9808641647425795,
    0.9809322887509281,
    0.980818773772268,
    0.9806224585759307,
    0.980948759570376,
    0.9816789780351598,
    0.9811912017590788,
    0.98150324568351,
    0.9821948254032405,
    0.983730852095051,
    0.9842385243010503,
    0.9850668598781963,
    0.9858830705079219,
    0.9867921793524964
  ],
  "val_f1": [
    0.9365415548019643,
    0.9413779686000489,
    0.9512081488876263,
    0.9531651076328977,
    0.9566853897008465,
    0.959702328703673,
    0.9655881970725182,
    0.9715860922470343,
    0.975268306436717,
    0.9808138066287536,
    0.9541011044759579,
    0.9430806232232495,
    0.9543672080002403,
    0.9529258319611296,
    0.9466144559982476,
    0.9485729900959302,
    0.9574554805324027,
    0.9494536831023092,
    0.9496818393628028,
    0.9602107994933397,
    0.9627259921601246,
    0.9646061304983693,
    0.9642505075307373,
    0.9593577012158996,
    0.9720591714057263
  ],
  "lr": [
    0.0009755527298894294,
    0.0009046039886902864,
    0.0007940987335200904,
    0.0006548539886902864,
    0.0005005000000000001,
    0.0003461460113097139,
    0.00020690126647990973,
    9.639601130971382e-05,
    2.5447270110570814e-05,
    0.001,
    0.0009938503261272714,
    0.0009755527298894294,
    0.0009455577588320898,
    0.0009046039886902864,
    0.0008536998372026805,
    0.0007940987335200904,
    0.0007272682546199037,
    0.0006548539886902864,
    0.0005786390152875954,
    0.0005005000000000001,
    0.00042236098471240487,
    0.0003461460113097139,
    0.00027373174538009644,
    0.00020690126647990973,
    0.00014730016279731955
  ]
}