{
  "train_loss": [
    0.1851464774666485,
    0.08466924538026842,
    0.07294832812721522,
    0.06666005429246269,
    0.062345012211326115,
    0.05652824198774399,
    0.053480587768155716,
    0.04993240471686805,
    0.046552365692349516,
    0.04481435644687998,
    0.059003992648072524,
    0.05663449099508661,
    0.0532365561931854,
    0.05284095196715827,
    0.050327710587423094,
    0.04923734159022844,
    0.047832050007597056,
    0.04655483249902353,
    0.044170918991928286,
    0.04291064264859049,
    0.040593483119123384,
    0.038930138768974186,
    0.037192101276240924,
    0.03478551777740772,
    0.033318001483048136,
    0.031008965566647475,
    0.02943969724933456,
    0.027842751314364162,
    0.026785618141594948,
    0.026438698587365757,
    0.04544540060223048,
    0.04416869019897009,
    0.042611225543433405,
    0.041645239376877106,
    0.040813423371892636,
    0.03927456324631653,
    0.038529601727679795,
    0.03771262111655378,
    0.037085986619115795,
    0.035907624597664965
  ],
  "val_loss": [
    0.28250005224422103,
    0.20520709037946966,
    0.18890329218505506,
    2.1329285753833056,
    0.3949808313685034,
    0.382969753427027,
    0.3042913935323685,
    0.35283966704947717,
    0.3165772744644361,
    0.3739453305870475,
    0.33383418546624005,
    0.14191787394850283,
    0.7005255628519083,
    0.42241268356145145,
    0.2968274651775964,
    0.14088949521266794,
    0.31008440516934366,
    1.4671041419271076,
    0.31502012521376366,
    0.37511719941849203,
    0.3161765864750285,
    0.2664534461947122,
    0.3373267355613111,
    0.33698407666394115,
    0.3182003671787876,
    0.3566796790222411,
    0.4040677406861473,
    0.3960176489514285,
    0.3744132828939533,
    0.3769942498432365,
    0.24074379704563387,
    0.25306998264616304,
    0.2216826063929878,
    0.34111504089132344,
    0.2836721324724579,
    0.2709263663206561,
    0.5085531569709286,
    0.14481172885374088,
    0.6588313994747427,
    0.21737030050665224
  ],
  "train_acc": [
    0.9564761645480875,
    0.976341076395274,
    0.9779249824728761,
    0.9798161519630378,
    0.981464976640079,
    0.9828920185500184,
    0.9837878593060408,
    0.9846713089600956,
    0.9855997437017285,
    0.9861026608185455,
    0.9823318150342497,
    0.9831340939913571,
    0.9837309320694648,
    0.9838514310465705,
    0.9844220502712394,
    0.9846880100105737,
    0.9849765071889941,
    0.98519272293927,
    0.9858696542271975,
    0.9862109482748713,
    0.9867833633114197,
    0.9872381526698695,
    0.987773125028733,
    0.9885360757056822,
    0.9890228305155848,
    0.9898229544984369,
    0.9903390708325671,
    0.9909619481829257,
    0.9913618754884609,
    0.9914056932983174,
    0.9854628130459269,
    0.985663943976416,
    0.9861950553397388,
    0.9865148894354542,
    0.9866662763768849,
    0.9872293531916605,
    0.9873810095048731,
    0.9876489446372747,
    0.9879235242736301,
    0.9882988489564178
  ],
  "val_acc": [
    0.9012251184610892,
    0.9257086469529829,
    0.9288409182971749,
    0.7506099686301847,
    0.9189448249225175,
    0.9256215085772422,
    0.9237821823217431,
    0.9389489698830933,
    0.9386828445733988,
    0.9346344427383116,
    0.920697012802276,
    0.9479972304127062,
    0.8770477518299059,
    0.9198091434062156,
    0.9317682967038143,
    0.9428372255141164,
    0.933261424547587,
    0.8310999218109709,
    0.9448484734298607,
    0.940924891430294,
    0.9419988130340169,
    0.9432187502943864,
    0.9536659350183226,
    0.9458917788475125,
    0.9597114542217365,
    0.9590049268508662,
    0.956181172458621,
    0.9554487390841521,
    0.9579310052471433,
    0.9588023890045501,
    0.9405480768324965,
    0.9404891995515906,
    0.9386592936610364,
    0.9386263223837291,
    0.9499401806825997,
    0.9510706244759922,
    0.930640208001658,
    0.9538731830471112,
    0.9210008195717502,
    0.9532844102380527
  ],
  "train_f1": [
    0.9560946665859634,
    0.9760618445696354,
    0.9776874850199747,
    0.9796199644351228,
    0.9812971285869415,
    0.9827520567440434,
    0.9836686667679984,
    0.9845714747640502,
    0.9855109908727079,
    0.9860177505075622,
    0.9821942103080284,
    0.9830119291480223,
    0.9836210240459508,
    0.9837509516457325,
    0.9843292468083051,
    0.9846030655762364,
    0.984898173369613,
    0.9851210184191624,
    0.9858050506856499,
    0.9861507534451923,
    0.9867294355502292,
    0.9871894908777344,
    0.9877289621507324,
    0.9884979817974057,
    0.9889884498473711,
    0.9897923622876482,
    0.9903119646720726,
    0.9909371596839264,
    0.9913380941863508,
    0.9913841893914053,
    0.985400249718288,
    0.9856052261339593,
    0.9861390288941408,
    0.9864634812854857,
    0.9866189925126128,
    0.9871863214986205,
    0.9873410576369576,
    0.9876120010510161,
    0.9878891198625728,
    0.9882672194664539
  ],
  "val_f1": [
    0.9288545767190487,
    0.9420070876474053,
    0.9442220849129529,
    0.7458770569884791,
    0.9352242761520567,
    0.9428383737469516,
    0.9385232438027127,
    0.9475862995253778,
    0.9481008305560804,
    0.9464345305603324,
    0.936409119849641,
    0.9620585040212408,
    0.9014745439215456,
    0.9348469402333414,
    0.9441055997294804,
    0.9541860445485245,
    0.9451428091119879,
    0.8150675323939701,
    0.9513453568967856,
    0.9499038949446813,
    0.9483495277859659,
    0.9493640411006335,
    0.9575723263206508,
    0.9522631304343875,
    0.9627297477206357,
    0.9617971809362038,
    0.9605083042822162,
    0.9593612929251935,
    0.9620973518023163,
    0.9613096317931752,
    0.9483250198559321,
    0.9502664355084512,
    0.945178969404745,
    0.9455486119514479,
    0.9569242558712552,
    0.9568629792555305,
    0.936148169924849,
    0.9608177787889882,
    0.9229849498082728,
    0.9599940991319739
  ],
  "lr": [
    0.0009755527298894294,
    0.0009046039886902864,
    0.0007940987335200904,
    0.0006548539886902864,
    0.0005005000000000001,
    0.0003461460113097139,
    0.00020690126647990973,
    9.639601130971382e-05,
    2.5447270110570814e-05,
    0.001,
    0.0009938503261272714,
    0.0009755527298894294,
    0.0009455577588320898,
    0.0009046039886902864,
    0.0008536998372026805,
    0.0007940987335200904,
    0.0007272682546199037,
    0.0006548539886902864,
    0.0005786390152875954,
    0.0005005000000000001,
    0.00042236098471240487,
    0.0003461460113097139,
    0.00027373174538009644,
    0.00020690126647990973,
    0.00014730016279731955,
    9.639601130971382e-05,
    5.544224116791029e-05,
    2.5447270110570814e-05,
    7.149673872728739e-06,
    0.001,
    0.0009984602081996976,
    0.0009938503261272714,
    0.0009861987752386395,
    0.0009755527298894294,
    0.0009619778264893878,
    0.0009455577588320898,
    0.0009263937620948692,
    0.0009046039886902864,
    0.0008803227798172156,
    0.0008536998372026805
  ]
}