{
  "train_loss": [
    0.303399920033352,
    0.11295951340305055,
    0.1032356491045901,
    0.09516243722650136,
    0.09133344909512589,
    0.08574729025605059,
    0.0821392885236321,
    0.07926634147094645,
    0.07757494944713272,
    0.07678848655182634,
    0.0952941727971452,
    0.09085534702754933,
    0.09188410592357565,
    0.08766595598511637,
    0.08585872558952913,
    0.08443404418464617,
    0.0816440950817442,
    0.07899532695110777,
    0.07727205575762008,
    0.07520798768857771,
    0.07375198315915354,
    0.07249485246176753,
    0.07064526129559193,
    0.06961684957908418,
    0.06885946781106318,
    0.06800411041495817,
    0.0675119286202341,
    0.06707864960038341,
    0.06673665496247706,
    0.06659767277464791,
    0.0785677474801836,
    0.07869867160340888,
    0.07712330288415054,
    0.07644557236868829,
    0.07504199246720779,
    0.07482545103147521,
    0.07304127347895703,
    0.07239487767493563,
    0.07235431542764607,
    0.07081898020285156,
    0.06956347675583695,
    0.06957923971409744
  ],
  "val_loss": [
    0.29313501919399465,
    0.25352764791616156,
    0.24248282616437603,
    0.24922276545064817,
    0.25818036995768423,
    0.29809117112646166,
    0.24279325407468264,
    0.24186162461865862,
    0.24681781548943357,
    0.26424278012655283,
    0.2720095513600357,
    0.26504993124197873,
    0.25784439761237754,
    0.24588833908605162,
    0.22103171471376898,
    0.23681036836947492,
    0.21450315404292375,
    0.22181045391079565,
    0.214470768477843,
    0.2284535347764599,
    0.21691613095855639,
    0.20965741266319635,
    0.20657136930776054,
    0.1964592728623971,
    0.7432240745100931,
    0.3237431861578334,
    0.19529176642411564,
    0.21684290393985536,
    0.4547302924915599,
    0.576562753039525,
    0.21859896169888912,
    0.6533180485628304,
    0.21355684180247375,
    0.20744534707724216,
    0.2622576330276514,
    0.22044990373176823,
    0.2677144749254331,
    0.20423105169782607,
    0.20444629443717882,
    0.2619342773999186,
    0.24262620590593292,
    0.2792463585854107
  ],
  "train_acc": [
    0.9374706384757724,
    0.9653099427638838,
    0.968959840618104,
    0.9714258494908514,
    0.9728118570993471,
    0.9744114765308937,
    0.9756495092405296,
    0.9764471190867506,
    0.9769927765262965,
    0.9772719354829441,
    0.9716188992678834,
    0.9731618608346359,
    0.9729926055650056,
    0.974367928092819,
    0.9748549522745035,
    0.9752303667478852,
    0.9759319006585602,
    0.9766824602335418,
    0.9772252443740805,
    0.9777125379275469,
    0.9780865157514251,
    0.9785712053776664,
    0.9791624764389482,
    0.979469470479726,
    0.9797087624126517,
    0.9800027368173042,
    0.980147838417157,
    0.9802772266630655,
    0.9803999704050202,
    0.9804589628252575,
    0.9768258558121092,
    0.9769042430006436,
    0.9774134454590383,
    0.9776489661870172,
    0.9779752652054984,
    0.9779832565683615,
    0.9785574674167893,
    0.9787321999126517,
    0.9787687446843968,
    0.9791051900399963,
    0.9796063113449338,
    0.9795949079394998
  ],
  "val_acc": [
    0.8900808267312276,
    0.9010484866183716,
    0.9064204497282224,
    0.8969718236884497,
    0.9029160739687055,
    0.9018798338247623,
    0.9086012642129756,
    0.9089380422597572,
    0.9086577864026453,
    0.8899159703446912,
    0.9018515727299276,
    0.9063521520823716,
    0.9103016400855369,
    0.9095786270760129,
    0.9160457076107128,
    0.9097693894661479,
    0.9138507625785423,
    0.9144042090190574,
    0.9168864751820486,
    0.9154592898928905,
    0.9163730652925495,
    0.9214058952643825,
    0.9238104434165779,
    0.9217426733111641,
    0.8832204459600765,
    0.9034907162303467,
    0.9282121089371003,
    0.9228425009184856,
    0.907320094580464,
    0.9051746064642544,
    0.9205580624193381,
    0.874247548350023,
    0.9226305427072244,
    0.9260477800910007,
    0.9057398283609507,
    0.922555179787665,
    0.9132572795870112,
    0.9276727930440025,
    0.9270628244138178,
    0.8940373800081015,
    0.9058905542000697,
    0.9149270392735015
  ],
  "train_f1": [
    0.936761633361403,
    0.9648704299275889,
    0.968577638955735,
    0.9710752422727722,
    0.972473507329683,
    0.9740954827343813,
    0.9753442366631541,
    0.9761539014685259,
    0.9767038952232706,
    0.9769863166016908,
    0.9713018181583858,
    0.972845302649901,
    0.9726805522526398,
    0.974067168631413,
    0.974559123434207,
    0.9749438342342152,
    0.9756499536111966,
    0.9764062891512709,
    0.9769585947714194,
    0.9774538956327853,
    0.9778365419285889,
    0.9783337026274055,
    0.9789346987346806,
    0.9792463264051794,
    0.9794909428120985,
    0.9797906612319832,
    0.9799398959684058,
    0.9800709805554291,
    0.9801957188050745,
    0.9802549857904177,
    0.9765780669248124,
    0.9766664004000505,
    0.9771808996151872,
    0.9774148231054177,
    0.9777532043665692,
    0.9777639687015728,
    0.9783481733306927,
    0.9785218778532745,
    0.9785661195890889,
    0.9789064028637221,
    0.9794134463697289,
    0.9794073946568591
  ],
  "val_f1": [
    0.912965685937208,
    0.9242057983191764,
    0.9279193659895603,
    0.9299210854647859,
    0.923940925429647,
    0.9297487718155188,
    0.9283654576004614,
    0.9288613870868929,
    0.9282977314104982,
    0.9232486962939802,
    0.9299835888978497,
    0.9265752297819716,
    0.9296097452579548,
    0.9288084024103916,
    0.9359310432170157,
    0.9292202161121952,
    0.9329614280444144,
    0.9341360434888374,
    0.9362014865280502,
    0.9333995919472852,
    0.9347838634955006,
    0.9382720525367982,
    0.9401107597961915,
    0.9432011854142236,
    0.8706968114668486,
    0.9311544848898693,
    0.9441563089989295,
    0.9394387811445786,
    0.9166261067327884,
    0.9134395151288183,
    0.9371204535048643,
    0.865077492829614,
    0.9396026624266854,
    0.9413920934726816,
    0.9332296924919778,
    0.938795789504844,
    0.9309316193637507,
    0.942916220119203,
    0.9425936984089408,
    0.9020501732465377,
    0.9307532729609557,
    0.9366822202401872
  ],
  "lr": [
    0.0009755527298894294,
    0.0009046039886902864,
    0.0007940987335200904,
    0.0006548539886902864,
    0.0005005000000000001,
    0.0003461460113097139,
    0.00020690126647990973,
    9.639601130971382e-05,
    2.5447270110570814e-05,
    0.001,
    0.0009938503261272714,
    0.0009755527298894294,
    0.0009455577588320898,
    0.0009046039886902864,
    0.0008536998372026805,
    0.0007940987335200904,
    0.0007272682546199037,
    0.0006548539886902864,
    0.0005786390152875954,
    0.0005005000000000001,
    0.00042236098471240487,
    0.0003461460113097139,
    0.00027373174538009644,
    0.00020690126647990973,
    0.00014730016279731955,
    9.639601130971382e-05,
    5.544224116791029e-05,
    2.5447270110570814e-05,
    7.149673872728739e-06,
    0.001,
    0.0009984602081996976,
    0.0009938503261272714,
    0.0009861987752386395,
    0.0009755527298894294,
    0.0009619778264893878,
    0.0009455577588320898,
    0.0009263937620948692,
    0.0009046039886902864,
    0.0008803227798172156,
    0.0008536998372026805,
    0.000824899300140927,
    0.0007940987335200904
  ]
}