{
  "train_loss": [
    0.12464663186036913,
    0.07817677025241025,
    0.0688140004347159,
    0.06388751076244616,
    0.0603692936942217,
    0.05714183908097005,
    0.054260240336821856,
    0.052085225047347035,
    0.05031505948581341,
    0.04914965206409869,
    0.059302659808723485,
    0.05677161270936827,
    0.055879395759283246,
    0.05452612514425043,
    0.05322835150504647,
    0.05206478679495816,
    0.05070750086776208,
    0.049887537552059553,
    0.04851770704545686,
    0.04730733935202295,
    0.045937673700134206,
    0.04404633506754384,
    0.04230986567061366,
    0.040686694970241404,
    0.03899278471458042,
    0.03775892705999455,
    0.036902735596875486,
    0.0362899208002261,
    0.035631168898127896,
    0.03520867013197451,
    0.048495769139712194,
    0.04740584312392513,
    0.046857807579758236,
    0.045215353164883516,
    0.045042061391134126,
    0.04430375759581973,
    0.04267217372395112,
    0.04212945826083104,
    0.040921899446557886,
    0.04066721036271187,
    0.039924300439811974,
    0.038954341833443054,
    0.03833248748767021,
    0.037277754542800426
  ],
  "val_loss": [
    0.2523133517898999,
    0.2477783837051754,
    0.18033844847328787,
    0.16638742780286875,
    0.296696809259403,
    0.2396662776608178,
    0.3254472737703546,
    0.41889530571346173,
    0.1703125734286853,
    0.3161916106429195,
    0.2537456629434685,
    0.27800535540018667,
    0.289155211331979,
    0.22104117106859844,
    0.3022533552075684,
    0.38042007145956397,
    0.16662120758000867,
    0.3581747402757111,
    0.2830527831754827,
    0.2733703554291445,
    0.10731536214094634,
    0.10536957156658959,
    0.09580556974076762,
    0.1589074646922212,
    0.07680099929834067,
    0.0734539468267388,
    0.3203960237580044,
    0.06718351754694597,
    0.06342384337442047,
    0.156867937841603,
    0.10320334751227561,
    0.3834068543997249,
    0.1293332276280356,
    0.12708643531160443,
    0.10760586344140605,
    0.11778701766148363,
    0.2991266768998887,
    0.28302998055821316,
    0.25530297626792353,
    0.33797068758265697,
    0.2888012503856786,
    0.31248324391242277,
    0.3204357538054997,
    0.15105142128607035
  ],
  "train_acc": [
    0.9632885769124678,
    0.9765771358668168,
    0.978853417214509,
    0.980278573521975,
    0.9814410025514895,
    0.9824876915053788,
    0.9834972969439592,
    0.9842223559902538,
    0.9847887550570062,
    0.9851084095715337,
    0.9818265633619897,
    0.9826101658755517,
    0.9829062952544594,
    0.9833477956050019,
    0.983739103013516,
    0.9840980858082016,
    0.9844891238449338,
    0.9847650503401986,
    0.9850872189913571,
    0.98544252037169,
    0.9857906385045053,
    0.9862993920099301,
    0.9867803104312247,
    0.987245335917387,
    0.987773125028733,
    0.9881565308649779,
    0.9884155767285767,
    0.9886447223243839,
    0.9888568974979313,
    0.9889450718612082,
    0.9849691443602887,
    0.9853148381470669,
    0.985505014625092,
    0.9860232859334774,
    0.9860759032215428,
    0.9862813441005425,
    0.9868086842589188,
    0.9870267856116679,
    0.9874087547984094,
    0.9874877705211015,
    0.9876881831268389,
    0.9879595303018113,
    0.9881711667317947,
    0.9884953107760206
  ],
  "val_acc": [
    0.9102780891731745,
    0.9013970401213343,
    0.9302869443162228,
    0.9325572522679528,
    0.9006787372942828,
    0.9118936817612314,
    0.9068561416069258,
    0.9048613793298352,
    0.9334757378500843,
    0.9115710342618673,
    0.907963034487956,
    0.9098235565645814,
    0.9068208152383823,
    0.9185114881350503,
    0.9066159223008299,
    0.9095456557987056,
    0.9406187295695835,
    0.9098894991191959,
    0.908615394760393,
    0.9042561208821229,
    0.956301282111669,
    0.9607170781796087,
    0.9615107439262197,
    0.9425828756606031,
    0.9730671766224224,
    0.9722005030474881,
    0.9364973199061731,
    0.9739856622045538,
    0.9761523461418895,
    0.9470787448305747,
    0.959344059988884,
    0.912491874935235,
    0.950606671502454,
    0.9531854964061308,
    0.9586304673443049,
    0.9536141230111255,
    0.9140862717021657,
    0.9268791272973915,
    0.924443962959125,
    0.9080195566776257,
    0.9237515661356721,
    0.9258570177008657,
    0.9133538383276968,
    0.9509057680894558
  ],
  "train_f1": [
    0.9628484316742948,
    0.9763035763755521,
    0.9786415833852207,
    0.9801098481435725,
    0.9812942588536305,
    0.9823634507995841,
    0.9833920647110889,
    0.9841294665629877,
    0.984703742475087,
    0.9850279557545069,
    0.9816830567977605,
    0.9824938904515035,
    0.9827958664870531,
    0.9832459328036423,
    0.9836424664806209,
    0.9840074062895182,
    0.9844040171146897,
    0.9846844656077425,
    0.9850116187396545,
    0.9853714176088729,
    0.9857257808911294,
    0.986241711763009,
    0.9867294261628871,
    0.9871986779637794,
    0.9877303931703404,
    0.9881179280228821,
    0.9883785410443424,
    0.9886088788745806,
    0.9888223775289153,
    0.9889109217644846,
    0.9848951890520266,
    0.9852459731519867,
    0.9854386721609414,
    0.985961851775905,
    0.9860150721552721,
    0.9862224161577129,
    0.9867540702208176,
    0.9869737975417131,
    0.9873590261740957,
    0.9874392394579787,
    0.9876413678718601,
    0.9879152295300687,
    0.9881278709892213,
    0.9884547880556719
  ],
  "val_f1": [
    0.9309613507783924,
    0.9215333310432443,
    0.9488074438104371,
    0.9504566750864795,
    0.9130683363173294,
    0.9245051050489664,
    0.917101360253172,
    0.9151726004431248,
    0.9461909016424178,
    0.9206812730728403,
    0.92082668157894,
    0.9208910678785867,
    0.9167707461120221,
    0.9348889138955183,
    0.9171131474042872,
    0.9191669623202813,
    0.9552831859268692,
    0.9194238962522125,
    0.9191219591923993,
    0.9165706199168019,
    0.9672080607990442,
    0.9700003561122092,
    0.97150355992396,
    0.9477992169199909,
    0.9807347812755057,
    0.9792978134188532,
    0.9384214319654219,
    0.9811129528591657,
    0.9820391023188365,
    0.9503395444645031,
    0.9685525276334321,
    0.919746352346139,
    0.9627118911719735,
    0.9639268629226799,
    0.9697623572193337,
    0.9653548559458098,
    0.921708146029041,
    0.9331979790267204,
    0.9296878745195384,
    0.9182890227668564,
    0.9289281576585829,
    0.9314018582332256,
    0.9222852008894115,
    0.9635304807282787
  ],
  "lr": [
    0.0009755527298894294,
    0.0009046039886902864,
    0.0007940987335200904,
    0.0006548539886902864,
    0.0005005000000000001,
    0.0003461460113097139,
    0.00020690126647990973,
    9.639601130971382e-05,
    2.5447270110570814e-05,
    0.001,
    0.0009938503261272714,
    0.0009755527298894294,
    0.0009455577588320898,
    0.0009046039886902864,
    0.0008536998372026805,
    0.0007940987335200904,
    0.0007272682546199037,
    0.0006548539886902864,
    0.0005786390152875954,
    0.0005005000000000001,
    0.00042236098471240487,
    0.0003461460113097139,
    0.00027373174538009644,
    0.00020690126647990973,
    0.00014730016279731955,
    9.639601130971382e-05,
    5.544224116791029e-05,
    2.5447270110570814e-05,
    7.149673872728739e-06,
    0.001,
    0.0009984602081996976,
    0.0009938503261272714,
    0.0009861987752386395,
    0.0009755527298894294,
    0.0009619778264893878,
    0.0009455577588320898,
    0.0009263937620948692,
    0.0009046039886902864,
    0.0008803227798172156,
    0.0008536998372026805,
    0.000824899300140927,
    0.0007940987335200904,
    0.0007614880330756165,
    0.0007272682546199037
  ]
}